EPOCH	TIMESTAMP	LEARNING_RATE	TRAIN_LOSS	DEV_LOSS	DEV_PRECISION	DEV_RECALL	DEV_F1	DEV_ACCURACY
1	17:43:05	0.1000	1.7955	1.3120	0.5494	0.5494	0.5494	0.5494
2	17:43:14	0.1000	1.3079	0.9714	0.6667	0.6667	0.6667	0.6667
3	17:43:23	0.1000	1.0255	0.7646	0.7484	0.7484	0.7484	0.7484
4	17:43:31	0.1000	0.8695	0.6681	0.7780	0.7780	0.7780	0.7780
5	17:43:41	0.1000	0.7485	0.5752	0.8052	0.8052	0.8052	0.8052
6	17:43:50	0.1000	0.6727	0.5298	0.8233	0.8233	0.8233	0.8233
7	17:43:59	0.1000	0.6063	0.4784	0.8504	0.8504	0.8504	0.8504
8	17:44:08	0.1000	0.5459	0.4321	0.8617	0.8617	0.8617	0.8617
9	17:44:18	0.1000	0.5080	0.4104	0.8694	0.8694	0.8694	0.8694
10	17:44:27	0.1000	0.4781	0.4017	0.8728	0.8728	0.8728	0.8728
11	17:44:37	0.1000	0.4518	0.3976	0.8780	0.8780	0.8780	0.8780
12	17:44:45	0.1000	0.4314	0.3827	0.8828	0.8828	0.8828	0.8828
13	17:44:54	0.1000	0.4068	0.3576	0.8841	0.8841	0.8841	0.8841
14	17:45:02	0.1000	0.3845	0.3477	0.8879	0.8879	0.8879	0.8879
15	17:45:11	0.1000	0.3687	0.3315	0.8934	0.8934	0.8934	0.8934
16	17:45:20	0.1000	0.3496	0.3306	0.8947	0.8947	0.8947	0.8947
17	17:45:30	0.1000	0.3418	0.3317	0.8961	0.8961	0.8961	0.8961
18	17:45:41	0.1000	0.3202	0.3037	0.9032	0.9032	0.9032	0.9032
19	17:45:50	0.1000	0.2937	0.3184	0.8980	0.8980	0.8980	0.8980
20	17:46:01	0.1000	0.2851	0.3042	0.9056	0.9056	0.9056	0.9056
21	17:46:12	0.1000	0.2779	0.3260	0.8987	0.8987	0.8987	0.8987
22	17:46:21	0.1000	0.2688	0.2982	0.9054	0.9054	0.9054	0.9054
23	17:46:31	0.1000	0.2574	0.2800	0.9120	0.9120	0.9120	0.9120
24	17:46:40	0.1000	0.2488	0.2909	0.9125	0.9125	0.9125	0.9125
25	17:46:50	0.1000	0.2367	0.2883	0.9162	0.9162	0.9162	0.9162
26	17:46:59	0.1000	0.2336	0.2736	0.9170	0.9170	0.9170	0.9170
27	17:47:09	0.1000	0.2208	0.2755	0.9155	0.9155	0.9155	0.9155
28	17:47:19	0.1000	0.2190	0.2777	0.9171	0.9171	0.9171	0.9171
29	17:47:29	0.1000	0.2095	0.2705	0.9192	0.9192	0.9192	0.9192
30	17:47:39	0.1000	0.2035	0.2782	0.9170	0.9170	0.9170	0.9170
31	17:47:48	0.1000	0.2027	0.2700	0.9199	0.9199	0.9199	0.9199
32	17:47:58	0.1000	0.1963	0.2843	0.9179	0.9179	0.9179	0.9179
33	17:48:07	0.1000	0.1936	0.2800	0.9204	0.9204	0.9204	0.9204
34	17:48:17	0.1000	0.1902	0.2655	0.9245	0.9245	0.9245	0.9245
35	17:48:27	0.1000	0.1873	0.2728	0.9208	0.9208	0.9208	0.9208
36	17:48:36	0.1000	0.1869	0.2611	0.9225	0.9225	0.9225	0.9225
37	17:48:46	0.1000	0.1809	0.2767	0.9217	0.9217	0.9217	0.9217
38	17:48:55	0.1000	0.1759	0.2737	0.9223	0.9223	0.9223	0.9223
39	17:49:06	0.0500	0.1655	0.2574	0.9288	0.9288	0.9288	0.9288
40	17:49:16	0.0500	0.1598	0.2651	0.9258	0.9258	0.9258	0.9258
41	17:49:25	0.0500	0.1592	0.2644	0.9279	0.9279	0.9279	0.9279
42	17:49:35	0.0500	0.1530	0.2586	0.9277	0.9277	0.9277	0.9277
43	17:49:45	0.0500	0.1508	0.2579	0.9286	0.9286	0.9286	0.9286
44	17:49:55	0.0250	0.1441	0.2606	0.9276	0.9276	0.9276	0.9276
45	17:50:04	0.0250	0.1417	0.2645	0.9275	0.9275	0.9275	0.9275
46	17:50:14	0.0250	0.1482	0.2601	0.9292	0.9292	0.9292	0.9292
47	17:50:23	0.0250	0.1392	0.2630	0.9293	0.9293	0.9293	0.9293
48	17:50:33	0.0250	0.1432	0.2658	0.9282	0.9282	0.9282	0.9282
49	17:50:43	0.0250	0.1356	0.2616	0.9308	0.9308	0.9308	0.9308
50	17:50:53	0.0250	0.1392	0.2681	0.9267	0.9267	0.9267	0.9267
51	17:51:02	0.0250	0.1347	0.2640	0.9284	0.9284	0.9284	0.9284
52	17:51:12	0.0250	0.1449	0.2679	0.9280	0.9280	0.9280	0.9280
53	17:51:22	0.0250	0.1348	0.2714	0.9269	0.9269	0.9269	0.9269
54	17:51:32	0.0125	0.1348	0.2664	0.9285	0.9285	0.9285	0.9285
55	17:51:42	0.0125	0.1313	0.2664	0.9302	0.9302	0.9302	0.9302
56	17:51:52	0.0125	0.1283	0.2656	0.9280	0.9280	0.9280	0.9280
57	17:52:01	0.0125	0.1314	0.2676	0.9271	0.9271	0.9271	0.9271
58	17:52:11	0.0063	0.1367	0.2657	0.9279	0.9279	0.9279	0.9279
59	17:52:21	0.0063	0.1295	0.2640	0.9301	0.9301	0.9301	0.9301
60	17:52:30	0.0063	0.1303	0.2653	0.9292	0.9292	0.9292	0.9292
61	17:52:40	0.0063	0.1308	0.2644	0.9301	0.9301	0.9301	0.9301
62	17:52:50	0.0031	0.1272	0.2643	0.9301	0.9301	0.9301	0.9301
63	17:52:59	0.0031	0.1287	0.2651	0.9307	0.9307	0.9307	0.9307
64	17:53:09	0.0031	0.1284	0.2655	0.9298	0.9298	0.9298	0.9298
65	17:53:19	0.0031	0.1307	0.2662	0.9300	0.9300	0.9300	0.9300
66	17:53:28	0.0016	0.1306	0.2662	0.9292	0.9292	0.9292	0.9292
67	17:53:38	0.0016	0.1266	0.2656	0.9298	0.9298	0.9298	0.9298
68	17:53:46	0.0016	0.1286	0.2651	0.9301	0.9301	0.9301	0.9301
69	17:53:55	0.0016	0.1235	0.2655	0.9297	0.9297	0.9297	0.9297
70	17:54:03	0.0008	0.1315	0.2659	0.9293	0.9293	0.9293	0.9293
71	17:54:11	0.0008	0.1255	0.2662	0.9298	0.9298	0.9298	0.9298
72	17:54:21	0.0008	0.1274	0.2658	0.9298	0.9298	0.9298	0.9298
73	17:54:29	0.0008	0.1276	0.2654	0.9301	0.9301	0.9301	0.9301
74	17:54:38	0.0004	0.1264	0.2656	0.9303	0.9303	0.9303	0.9303
75	17:54:47	0.0004	0.1247	0.2656	0.9301	0.9301	0.9301	0.9301
76	17:54:55	0.0004	0.1283	0.2655	0.9299	0.9299	0.9299	0.9299
77	17:55:03	0.0004	0.1262	0.2656	0.9299	0.9299	0.9299	0.9299
78	17:55:12	0.0002	0.1233	0.2657	0.9301	0.9301	0.9301	0.9301
79	17:55:21	0.0002	0.1269	0.2658	0.9302	0.9302	0.9302	0.9302
80	17:55:29	0.0002	0.1305	0.2659	0.9300	0.9300	0.9300	0.9300
